actually originate in	be one of
also bring to	ever create in
apparently originate in	also bring to
apparently originate in	be bring to
apparently originate in	be first introduce to
apparently originate in	be introduce in
apparently originate in	be introduce to
apparently originate in	be quickly become
apparently originate in	come from
apparently originate in	come to
apparently originate in	first reach
apparently originate in	have be introduce to
apparently originate in	would become king in
arrive in	have increase
be	be introduce into
be actually grow in	be first introduce to
be actually grow in	be grow in
be actually grow in	be important crop in
be actually grow in	be introduce to
be actually grow in	come from
be actually grow in	come to
be actually grow in	first reach
be actually grow in	serve in
be also popular drink in	be
be also popular drink in	be best buy in
be also popular drink in	be bring into
be also popular drink in	be bring to
be also popular drink in	be first bring to
be also popular drink in	be first grow in
be also popular drink in	be first introduce to
be also popular drink in	be first plant in
be also popular drink in	be introduce to
be also popular drink in	be perhaps best bargain in
be also popular drink in	become big business in
be also popular drink in	come to
be also popular drink in	play major economic role in
be also popular drink in	serve in
be also popular in	be introduce from
be also popular in	be introduce into
be also popular in	reach
be ban in	remain major crop in
be be cultivate in	have be cultivate in
be be grow in	be first cultivate in
be be grow in	become basis of
be bear in	arrive in
be bear in	be bring to
be bear in	be first introduce to
be bear in	be introduce to
be bear in	become available in
be bear in	become popular in
be bear in	emigrate from
be bear in	have reach
be bear in	reach
be best buy in	be most popular drink in
be better in	actually originate in
be better in	apparently originate in
be better in	be bear in
be better in	be discover in
be better in	be first cultivate in
be better in	be first discover in
be better in	be first find in
be better in	be grow in
be better in	be indigenous to
be better in	be introduce from
be better in	be major export from
be better in	be native to
be better in	be originally discover in
be better in	be originally find in
be better in	be probably discover in
be better in	be produce in
be better in	be to
be better in	come here from
be better in	first grow in
be better in	first grow wild in
be better in	have its origin in
be better in	originally come from
be better in	originate from
be better in	originate in
be better in	probably originate in
be better in	remain largely confine to
be better in	travel from
be bring into	be
be bring to	be better in
be bring to	be very common practice in
be certainly be cultivate in	be hard to come by in
be certainly be cultivate in	be introduce to
be certainly be cultivate in	first arrive in
be cultivate in	be introduce to
be discover in	be introduce into
be discover in	be introduce to
be domestically produce in	become very popular drink in
be first bring to	be first cultivated in
be first bring to	be introduce into
be first bring to	be introduce to
be first cultivate in	be introduce to
be first cultivated in	be serious business in
be first discover in	be actually grow in
be first discover in	be first import to
be first discover in	be first introduce in
be first discover in	be introduce in
be first discover in	then spread to
be first find in	be first import to
be first find in	be first introduce into
be first find in	be first introduce to
be first find in	be introduce to
be first find in	find its way to
be first grow in	be first bring to
be first grow in	be hardly traditional drink of
be first grow in	be introduce in
be first grow in	be solidly establish in
be first import to	be first introduce to
be first import to	be import from
be first import to	be introduce into
be first import to	be introduce to
be first import to	come to
be first introduce in	be important cash crop in
be first introduce into	surf
be first introduce to	arrive in
be first introduce to	be also popular drink in
be first introduce to	be first plant in
be first introduce to	be introduce into
be first introduce to	come to
be first plant in	become
be first plant in	come to
be grow in	be
be hard to come by in	be first introduce to
be hardly traditional drink of	be veritable institution in
be import from	be bring to
be import from	be first bring to
be import from	be introduce to
be important cash crop in	be also popular in
be important cash crop in	sell only in
be important crop in	be
be important crop in	be introduce in
be important crop in	be primary cash crop of
be important crop in	have be boon for
be indigenous to	remain relatively unpopular in
be introduce from	be introduce into
be introduce in	be ban in
be introduce in	come to
be introduce in	first arrive in
be introduce into	be
be introduce to	open in
be major export from	be be grow in
be major export from	be introduce to
be major export from	be originally only available in
be major export from	come to
be major export from	then travel to
be most popular drink in	become cool drink in
be most popular drink in	continue to be
be native to	be domestically produce in
be one of	be introduce into
be one of	be introduce to
be one of	have be grow in
be originally discover in	be be cultivate in
be originally discover in	be certainly be cultivate in
be originally discover in	be cultivate in
be originally discover in	be first cultivated in
be originally discover in	be port city in
be originally discover in	cultivate in
