be	be bigger draw than
be about to marry	is
be about to marry	wear in
be also firm believer in	lose weight for
be back as	give brilliant performance as
be back as	send to
be completely cgi	be save grace of
be completely cgi	really use
be completely cgi	so be
be completely cgi	will induct
be descendant of	lose weight for
be descendant of	will return as
be direct by	wear in
be film in	be release on
be head to	discuss character of
be head to	lose weight for
be in	be film
be save grace of	follow up
be save grace of	is
be set around	send to
be year ago in	be descendant of
be year ago in	be direct by
be year ago in	lose weight for
be year ago in	reprise his role as
deliver astounding performance as	be direct by
deliver astounding performance as	meet
die in	tell
discuss character of	be direct by
discuss character of	be year ago in
discuss character of	do in
discuss character of	will once again be direct by
discuss character of	win oscar for
do	express interest in
do	serve as
do in	do
endorse	be
endorse	deliver astounding performance as
explain to	will once again be direct by
express interest in	be about to marry
express interest in	star in
first encounter	wear in
first encounter	will induct
follow up	get
get	be also firm believer in
go from	be bigger draw than
go from	be descendant of
go over to	follow up
go over to	get
go over to	tell
go over to	will induct
go over to	will present
have be cast as	be back as
have be compare to	be in
have be compare to	be set around
have be compare to	be year ago in
have be compare to	go from
have be compare to	send to
is	be play
is	follow up
lose weight for	be in
lose weight for	endorse
meet	win
play	will present
play role of	be completely cgi
play role of	have be compare to
portray	do
portray	will play
really use	be
really use	meet
really use	tell
reprise his role as	be back as
reprise his role as	die in
reprise his role as	return as
reprise his role as	wear in
reprise his role as	will present
serve as	be film in
so be	be film
star as	be also firm believer in
star as	be release on
star as	serve as
star in	be release on
tell	be back as
tell	deliver astounding performance as
tell	play
tell	will play
thank goodness for	star in
want	discuss character of
want	will serve as
wear in	give brilliant performance as
will induct	will play
will once again be direct by	star as
will once again be direct by	will reprise his role as
will play	be play
will play	meet
will present	deliver astounding performance as
will reprise his role as	be about to marry
will reprise his role as	be descendant of
will reprise his role as	lose weight for
will reprise his role as	win for
win for	be
win oscar for	express interest in
